categoria,porcentagem
"Internet,0.21739130434782608","Java,0.17391304347826086","PowerBuilder,0.13043478260869565","Web Development,0.08695652173913043","Open Source,0.043478260869565216","Mobile,0.043478260869565216","Software Engineering,0.043478260869565216","Miscellaneous,0.043478260869565216","Microsoft .NET,0.043478260869565216","Microsoft,0.043478260869565216","Next Generation Databases,0.043478260869565216","Client-Server,0.043478260869565216","Computer Graphics,0.043478260869565216"
